epoch,grad_norm,learning_rate,loss,_line
0.01,12.680798530578613,0.0,8.1102,18
0.1,12.041656494140625,4.4999999999999996e-05,8.445,19
0.2,12.175688743591309,9.5e-05,7.8906,20
0.3,14.155172348022461,0.000145,6.5198,21
0.4,8.217767715454102,0.00019500000000000002,4.5274,22
0.51,1.5880275964736938,0.000245,3.2493,23
0.61,2.941681385040283,0.000295,3.026,24
0.71,1.8666635751724243,0.000345,2.9411,25
0.81,1.7930936813354492,0.000395,2.9027,26
0.91,1.351149082183838,0.00044500000000000003,2.8487,27
1.01,0.8629134297370911,0.000495,2.7142,40
1.11,1.278538703918457,0.000545,2.5401,41
1.21,1.6140354871749878,0.0005949999999999999,2.2544,42
1.31,3.080583095550537,0.0006450000000000001,1.8898,43
1.41,1.2578887939453125,0.000695,1.6998,44
1.52,1.3127083778381348,0.000745,1.5493,45
1.62,1.6883256435394287,0.000795,1.4776,46
1.72,0.8454517722129822,0.0008449999999999999,1.4061,47
1.82,0.6379193663597107,0.0008950000000000001,1.336,48
1.92,0.9799096584320068,0.000945,1.2669,49
2.02,1.2444041967391968,0.000995,1.2565,62
2.12,0.6251140832901001,0.0009908906882591093,1.2301,63
2.22,0.7256406545639038,0.0009807692307692308,1.1543,64
2.32,1.0116515159606934,0.0009706477732793523,1.1274,65
2.42,1.0161986351013184,0.0009605263157894737,1.1307,66
2.53,1.1703718900680542,0.0009504048582995951,1.1198,67
2.63,0.6656533479690552,0.0009402834008097167,1.1256,68
2.73,0.9768430590629578,0.000930161943319838,1.0867,69
2.83,0.644970715045929,0.0009200404858299596,1.1012,70
2.93,0.7786338329315186,0.000909919028340081,1.0771,71
3.03,0.45116981863975525,0.0008997975708502024,1.0458,84
3.13,1.853386402130127,0.0008896761133603239,1.0178,85
3.23,0.7022580504417419,0.0008795546558704454,1.0206,86
3.33,0.7402329444885254,0.0008694331983805668,0.9733,87
3.43,0.6012415289878845,0.0008593117408906883,0.9622,88
3.54,0.5639380812644958,0.0008491902834008098,1.001,89
3.64,0.6011381149291992,0.0008390688259109311,0.9579,90
3.74,0.461231529712677,0.0008289473684210527,0.976,91
3.84,0.4958135187625885,0.000818825910931174,0.9858,92
3.94,0.5779663324356079,0.0008087044534412956,0.9387,93
4.04,0.5439347624778748,0.0007985829959514171,0.9164,106
4.14,0.6597635746002197,0.0007884615384615384,0.9295,107
4.24,0.5064617991447449,0.00077834008097166,0.8961,108
4.34,0.8835058212280273,0.0007682186234817814,0.898,109
4.44,0.5440724492073059,0.0007580971659919028,0.9109,110
4.55,0.49166086316108704,0.0007479757085020243,0.8867,111
4.65,0.6754709482192993,0.0007378542510121458,0.8784,112
4.75,0.6184942126274109,0.0007277327935222671,0.8992,113
4.85,0.5265241265296936,0.0007176113360323887,0.8807,114
4.95,0.5023961663246155,0.0007074898785425102,0.8934,115
5.05,0.7211987376213074,0.0006973684210526315,0.8666,128
5.15,0.5648961663246155,0.0006872469635627531,0.8561,129
5.25,0.5489854216575623,0.0006771255060728745,0.804,130
5.35,0.5554853081703186,0.000667004048582996,0.8357,131
5.45,0.49649548530578613,0.0006568825910931174,0.8147,132
5.56,0.5759953856468201,0.0006467611336032389,0.8548,133
5.66,0.619651198387146,0.0006366396761133603,0.8319,134
5.76,0.574928343296051,0.0006265182186234818,0.8286,135
5.86,0.642539381980896,0.0006163967611336033,0.8578,136
5.96,0.8621342182159424,0.0006062753036437247,0.8181,137
6.06,0.47933533787727356,0.0005961538461538462,0.8071,150
6.16,0.4457370638847351,0.0005860323886639675,0.7655,151
6.26,0.4337323009967804,0.0005759109311740891,0.7837,152
6.36,0.43716534972190857,0.0005657894736842105,0.7748,153
6.46,0.47871941328048706,0.0005556680161943321,0.7854,154
6.57,0.4296158254146576,0.0005455465587044534,0.7842,155
6.67,0.5405065417289734,0.0005354251012145749,0.7864,156
6.77,0.6382896900177002,0.0005253036437246965,0.786,157
6.87,0.636607825756073,0.0005151821862348178,0.7756,158
6.97,0.6727957129478455,0.0005050607287449393,0.7994,159
7.07,0.6797201633453369,0.0004949392712550607,0.7535,172
7.17,0.4877989590167999,0.0004848178137651822,0.7272,173
7.27,0.4901071786880493,0.0004746963562753037,0.7442,174
7.37,0.39485400915145874,0.00046457489878542514,0.7273,175
7.47,0.47588443756103516,0.00045445344129554655,0.7494,176
7.58,0.5193619132041931,0.000444331983805668,0.7532,177
7.68,0.4425503611564636,0.0004342105263157895,0.767,178
7.78,0.7199786901473999,0.0004240890688259109,0.7239,179
7.88,0.45030277967453003,0.00041396761133603236,0.7486,180
7.98,0.4010675847530365,0.0004038461538461539,0.7382,181
8.08,0.4088061451911926,0.00039372469635627535,0.708,194
8.18,0.45434319972991943,0.00038360323886639676,0.7007,195
8.28,0.3786177635192871,0.00037348178137651823,0.7061,196
8.38,0.547960638999939,0.0003633603238866397,0.7083,197
8.48,0.3655994236469269,0.0003532388663967611,0.6917,198
8.59,0.5376509428024292,0.00034311740890688257,0.705,199
8.69,0.4920125901699066,0.00033299595141700404,0.7087,200
8.79,0.5549405217170715,0.00032287449392712556,0.6966,201
8.89,0.44174885749816895,0.00031275303643724697,0.7069,202
8.99,0.4084823429584503,0.00030263157894736844,0.7014,203
9.09,0.4191829264163971,0.0002925101214574899,0.6964,216
9.19,0.398090124130249,0.0002823886639676113,0.6793,217
9.29,0.41564807295799255,0.0002722672064777328,0.671,218
9.39,0.3698131740093231,0.00026214574898785425,0.6638,219
9.49,0.42297106981277466,0.0002520242914979757,0.6727,220
9.6,0.4175683856010437,0.00024190283400809718,0.6697,221
9.7,0.36467182636260986,0.00023178137651821862,0.6832,222
9.8,0.391011506319046,0.00022165991902834008,0.6631,223
9.9,0.40689823031425476,0.00021153846153846155,0.6743,224
10.0,0.39926132559776306,0.00020141700404858302,0.6772,225
10.1,0.46469858288764954,0.00019129554655870445,0.6585,238
10.2,0.38829123973846436,0.0001811740890688259,0.6555,239
10.3,0.3635861277580261,0.00017105263157894739,0.6491,240
10.4,0.3632771074771881,0.00016093117408906883,0.6511,241
10.51,0.38752415776252747,0.0001508097165991903,0.6695,242
10.61,0.3800252079963684,0.00014068825910931173,0.6429,243
10.71,0.44900429248809814,0.00013056680161943322,0.6356,244
10.81,0.36880895495414734,0.00012044534412955466,0.6515,245
10.91,0.43671438097953796,0.00011032388663967611,0.6477,246
11.01,0.44713258743286133,0.00010020242914979758,0.6427,259
11.11,0.3987060785293579,9.008097165991903e-05,0.6385,260
11.21,0.346427321434021,7.995951417004049e-05,0.6155,261
11.31,0.33167800307273865,6.983805668016195e-05,0.6267,262
11.41,0.38080745935440063,5.9716599190283404e-05,0.6533,263
11.52,0.4556528925895691,4.9595141700404864e-05,0.6296,264
11.62,0.38230058550834656,3.9473684210526316e-05,0.6456,265
11.72,0.32079553604125977,2.9352226720647772e-05,0.664,266
11.82,0.3633497953414917,1.923076923076923e-05,0.6383,267
11.92,0.3926343619823456,9.109311740890687e-06,0.6047,268
